MATCH_ID,RANK_PLAYED_AT,T1P1NAME,T1P1RANK,T1P1CHAMPION,T1P1SPELL1,T1P1SPELL2,T1P1SUMMONERLEVEL,T1P1WINS,T1P1LOSSES,T1P1VETERAN,T1P1HOTSTREAK,T1P2NAME,T1P2RANK,T1P2CHAMPION,T1P2SPELL1,T1P2SPELL2,T1P2SUMMONERLEVEL,T1P2WINS,T1P2LOSSES,T1P2VETERAN,T1P2HOTSTREAK,T1P3NAME,T1P3RANK,T1P3CHAMPION,T1P3SPELL1,T1P3SPELL2,T1P3SUMMONERLEVEL,T1P3WINS,T1P3LOSSES,T1P3VETERAN,T1P3HOTSTREAK,T1P4NAME,T1P4RANK,T1P4CHAMPION,T1P4SPELL1,T1P4SPELL2,T1P4SUMMONERLEVEL,T1P4WINS,T1P4LOSSES,T1P4VETERAN,T1P4HOTSTREAK,T1P5NAME,T1P5RANK,T1P5CHAMPION,T1P5SPELL1,T1P5SPELL2,T1P5SUMMONERLEVEL,T1P5WINS,T1P5LOSSES,T1P5VETERAN,T1P5HOTSTREAK,T1Kayle,T1Jax,T1Diana,T1Yasuo,T1Aphelios,T1Senna,T1Sett,T1Warwick,T1MissFortune,T1Jhin,T1Soraka,T1Renekton,T1Fizz,T1Caitlyn,T1Leona,T1Ekko,T1Zed,T1Ashe,T1Rell,T1Yorick,T1Trundle,T1Qiyana,T1Velkoz,T1Gangplank,T1MonkeyKing,T1Shyvana,T1Akshan,T1Blitzcrank,T1Irelia,T1Taric,T1Ahri,T1Samira,T1Lux,T1Volibear,T1Akali,T1Twitch,T1Garen,T1Graves,T1Sylas,T1Draven,T1TahmKench,T1Veigar,T1Brand,T1Pantheon,T1Khazix,T1Vex,T1Pyke,T1Amumu,T1Katarina,T1Vayne,T1Shaco,T1Vi,T1Kaisa,T1Morgana,T1Illaoi,T1Nunu,T1Yone,T1Jinx,T1Braum,T1Nasus,T1Aatrox,T1Evelynn,T1Janna,T1Zeri,T1Darius,T1Leblanc,T1Tristana,T1Cassiopeia,T1Riven,T1Zoe,T1Malphite,T1Lucian,T1Lulu,T1Lillia,T1Fiora,T1Urgot,T1Orianna,T1Renata,T1Sion,T1Mordekaiser,T1Sona,T1Viego,T1Viktor,T1Xayah,T1Thresh,T1AurelionSol,T1Sivir,T1Nautilus,T1Chogath,T1Galio,T1Kassadin,T1Ziggs,T1Kled,T1Vladimir,T1Teemo,T1Neeko,T1Karthus,T1Ezreal,T1Gwen,T1Kayn,T1XinZhao,T1Nocturne,T1Zyra,T1Rammus,T1Camille,T1Xerath,T1Yuumi,T1Ornn,T1Skarner,T1Annie,T1Corki,T1Karma,T1Syndra,T1Varus,T1Talon,T1Shen,T1Udyr,T1Sejuani,T1Tryndamere,T1RekSai,T1Olaf,T1Nami,T1Taliyah,T1Nidalee,T1LeeSin,T1Alistar,T1Rengar,T1Swain,T1Poppy,T1Elise,T1Kennen,T1Seraphine,T1Kalista,T2P1NAME,T2P1RANK,T2P1CHAMPION,T2P1SPELL1,T2P1SPELL2,T2P1SUMMONERLEVEL,T2P1WINS,T2P1LOSSES,T2P1VETERAN,T2P1HOTSTREAK,T2P2NAME,T2P2RANK,T2P2CHAMPION,T2P2SPELL1,T2P2SPELL2,T2P2SUMMONERLEVEL,T2P2WINS,T2P2LOSSES,T2P2VETERAN,T2P2HOTSTREAK,T2P3NAME,T2P3RANK,T2P3CHAMPION,T2P3SPELL1,T2P3SPELL2,T2P3SUMMONERLEVEL,T2P3WINS,T2P3LOSSES,T2P3VETERAN,T2P3HOTSTREAK,T2P4NAME,T2P4RANK,T2P4CHAMPION,T2P4SPELL1,T2P4SPELL2,T2P4SUMMONERLEVEL,T2P4WINS,T2P4LOSSES,T2P4VETERAN,T2P4HOTSTREAK,T2P5NAME,T2P5RANK,T2P5CHAMPION,T2P5SPELL1,T2P5SPELL2,T2P5SUMMONERLEVEL,T2P5WINS,T2P5LOSSES,T2P5VETERAN,T2P5HOTSTREAK,T2Kayle,T2Jax,T2Diana,T2Yasuo,T2Aphelios,T2Senna,T2Sett,T2Warwick,T2MissFortune,T2Jhin,T2Soraka,T2Renekton,T2Fizz,T2Caitlyn,T2Leona,T2Ekko,T2Zed,T2Ashe,T2Rell,T2Yorick,T2Trundle,T2Qiyana,T2Velkoz,T2Gangplank,T2MonkeyKing,T2Shyvana,T2Akshan,T2Blitzcrank,T2Irelia,T2Taric,T2Ahri,T2Samira,T2Lux,T2Volibear,T2Akali,T2Twitch,T2Garen,T2Graves,T2Sylas,T2Draven,T2TahmKench,T2Veigar,T2Brand,T2Pantheon,T2Khazix,T2Vex,T2Pyke,T2Amumu,T2Katarina,T2Vayne,T2Shaco,T2Vi,T2Kaisa,T2Morgana,T2Illaoi,T2Nunu,T2Yone,T2Jinx,T2Braum,T2Nasus,T2Aatrox,T2Evelynn,T2Janna,T2Zeri,T2Darius,T2Leblanc,T2Tristana,T2Cassiopeia,T2Riven,T2Zoe,T2Malphite,T2Lucian,T2Lulu,T2Lillia,T2Fiora,T2Urgot,T2Orianna,T2Renata,T2Sion,T2Mordekaiser,T2Sona,T2Viego,T2Viktor,T2Xayah,T2Thresh,T2AurelionSol,T2Sivir,T2Nautilus,T2Chogath,T2Galio,T2Kassadin,T2Ziggs,T2Kled,T2Vladimir,T2Teemo,T2Neeko,T2Karthus,T2Ezreal,T2Gwen,T2Kayn,T2XinZhao,T2Nocturne,T2Zyra,T2Rammus,T2Camille,T2Xerath,T2Yuumi,T2Ornn,T2Skarner,T2Annie,T2Corki,T2Karma,T2Syndra,T2Varus,T2Talon,T2Shen,T2Udyr,T2Sejuani,T2Tryndamere,T2RekSai,T2Olaf,T2Nami,T2Taliyah,T2Nidalee,T2LeeSin,T2Alistar,T2Rengar,T2Swain,T2Poppy,T2Elise,T2Kennen,T2Seraphine,T2Kalista,WINNINGTEAM
NA1_4286060830,IRON I,b'ThanutsSLAM',0,Jax,4,12,71,94,111,0,0,b'Kitinen',4,Diana,11,4,44,59,87,0,0,b'Titans Of Egypt ',4,Yasuo,4,14,70,44,52,0,0,b'KADENPLAYZ109',0,Aphelios,4,14,59,29,61,0,0,b'Davidc409',3,Senna,14,4,149,26,27,0,0,0,1,1,1,1,1,0,0,0,0,0,0,0,0,0,0,0,0,0,0,0,0,0,0,0,0,0,0,0,0,0,0,0,0,0,0,0,0,0,0,0,0,0,0,0,0,0,0,0,0,0,0,0,0,0,0,0,0,0,0,0,0,0,0,0,0,0,0,0,0,0,0,0,0,0,0,0,0,0,0,0,0,0,0,0,0,0,0,0,0,0,0,0,0,0,0,0,0,0,0,0,0,0,0,0,0,0,0,0,0,0,0,0,0,0,0,0,0,0,0,0,0,0,0,0,0,0,0,0,0,0,0,0,b'OneJerkSquirt89',2,Sett,4,14,93,129,140,0,0,b'TridraLOL',4,Warwick,4,11,39,6,22,0,0,b'drunKenshrimp',1,MissFortune,4,7,94,47,62,0,0,b'lilcaligula',3,Jhin,4,7,172,22,33,0,0,b'GALAZEUS',4,Soraka,3,4,470,136,143,0,0,0,0,0,0,0,0,1,1,1,1,1,0,0,0,0,0,0,0,0,0,0,0,0,0,0,0,0,0,0,0,0,0,0,0,0,0,0,0,0,0,0,0,0,0,0,0,0,0,0,0,0,0,0,0,0,0,0,0,0,0,0,0,0,0,0,0,0,0,0,0,0,0,0,0,0,0,0,0,0,0,0,0,0,0,0,0,0,0,0,0,0,0,0,0,0,0,0,0,0,0,0,0,0,0,0,0,0,0,0,0,0,0,0,0,0,0,0,0,0,0,0,0,0,0,0,0,0,0,0,0,0,0,0,1
NA1_4205208416,IRON II,b'imfamous pidgeon',4,Renekton,4,14,357,434,439,0,0,b'UGGrimz',4,Warwick,4,11,37,79,97,0,0,b'Classic Mid Dif',5,Fizz,14,4,35,61,82,0,0,b'Telemund0',2,Caitlyn,4,7,116,323,345,0,0,b'Killaeri',4,Leona,4,14,40,14,24,0,0,0,0,0,0,0,0,0,1,0,0,0,1,1,1,1,0,0,0,0,0,0,0,0,0,0,0,0,0,0,0,0,0,0,0,0,0,0,0,0,0,0,0,0,0,0,0,0,0,0,0,0,0,0,0,0,0,0,0,0,0,0,0,0,0,0,0,0,0,0,0,0,0,0,0,0,0,0,0,0,0,0,0,0,0,0,0,0,0,0,0,0,0,0,0,0,0,0,0,0,0,0,0,0,0,0,0,0,0,0,0,0,0,0,0,0,0,0,0,0,0,0,0,0,0,0,0,0,0,0,0,0,0,0,b'dinglehopper69',4,Kayle,12,14,242,122,114,0,0,b'TopHatCat',5,Ekko,11,4,480,135,122,0,0,b'ItsYoBoyJJ',3,Zed,4,14,46,34,57,0,0,b'Kakito1148',2,Ashe,4,14,84,29,32,0,0,b'raindropscyn',5,Rell,3,7,256,171,155,0,0,1,0,0,0,0,0,0,0,0,0,0,0,0,0,0,1,1,1,1,0,0,0,0,0,0,0,0,0,0,0,0,0,0,0,0,0,0,0,0,0,0,0,0,0,0,0,0,0,0,0,0,0,0,0,0,0,0,0,0,0,0,0,0,0,0,0,0,0,0,0,0,0,0,0,0,0,0,0,0,0,0,0,0,0,0,0,0,0,0,0,0,0,0,0,0,0,0,0,0,0,0,0,0,0,0,0,0,0,0,0,0,0,0,0,0,0,0,0,0,0,0,0,0,0,0,0,0,0,0,0,0,0,0,1
NA1_4279013799,IRON II,b'MVGlC',6,Gangplank,12,14,308,124,135,0,0,b'RJ91770',5,MonkeyKing,11,14,197,73,64,0,0,b'SXDGHXST',4,Shyvana,4,12,46,91,109,0,0,b'LilRambe29',2,Akshan,4,14,165,63,77,0,0,b'uCDisgrace',4,Blitzcrank,4,3,90,138,163,0,0,0,0,0,0,0,0,0,0,0,0,0,0,0,0,0,0,0,0,0,0,0,0,0,1,1,1,1,1,0,0,0,0,0,0,0,0,0,0,0,0,0,0,0,0,0,0,0,0,0,0,0,0,0,0,0,0,0,0,0,0,0,0,0,0,0,0,0,0,0,0,0,0,0,0,0,0,0,0,0,0,0,0,0,0,0,0,0,0,0,0,0,0,0,0,0,0,0,0,0,0,0,0,0,0,0,0,0,0,0,0,0,0,0,0,0,0,0,0,0,0,0,0,0,0,0,0,0,0,0,0,0,0,0,b'Carth39',4,Yorick,12,4,39,24,43,0,0,b'poppyabuser',4,Trundle,4,11,130,41,58,0,0,b'Geshajufi',3,Qiyana,4,14,160,40,56,0,0,b'Fritolover84',5,Ashe,4,7,55,18,27,0,0,b'ohhboosky',3,Velkoz,14,4,70,13,34,0,0,0,0,0,0,0,0,0,0,0,0,0,0,0,0,0,0,0,1,0,1,1,1,1,0,0,0,0,0,0,0,0,0,0,0,0,0,0,0,0,0,0,0,0,0,0,0,0,0,0,0,0,0,0,0,0,0,0,0,0,0,0,0,0,0,0,0,0,0,0,0,0,0,0,0,0,0,0,0,0,0,0,0,0,0,0,0,0,0,0,0,0,0,0,0,0,0,0,0,0,0,0,0,0,0,0,0,0,0,0,0,0,0,0,0,0,0,0,0,0,0,0,0,0,0,0,0,0,0,0,0,0,0,0,1
NA1_4283939473,IRON II,b'Oouu CassyBby',4,Yorick,12,1,719,787,796,0,0,b'phoeuria',3,Volibear,11,14,39,57,70,0,0,b'NUT N THE BUTT',4,Akali,14,4,58,30,31,0,0,b'Nightfall1257',2,Soraka,7,4,88,17,25,0,0,b'FleeDoggy',3,Twitch,12,4,230,123,137,0,0,0,0,0,0,0,0,0,0,0,0,1,0,0,0,0,0,0,0,0,1,0,0,0,0,0,0,0,0,0,0,0,0,0,1,1,1,0,0,0,0,0,0,0,0,0,0,0,0,0,0,0,0,0,0,0,0,0,0,0,0,0,0,0,0,0,0,0,0,0,0,0,0,0,0,0,0,0,0,0,0,0,0,0,0,0,0,0,0,0,0,0,0,0,0,0,0,0,0,0,0,0,0,0,0,0,0,0,0,0,0,0,0,0,0,0,0,0,0,0,0,0,0,0,0,0,0,0,0,0,0,0,0,0,b'SoLeee3',3,Irelia,14,4,118,37,52,0,0,b'6pawny9',1,Taric,14,11,294,435,562,0,0,b'Godfather213',6,Ahri,14,4,167,160,144,0,0,b'g\xc2\xaav',2,Samira,1,4,53,10,17,0,0,b'Yo Baby MAMA',0,Lux,4,7,64,43,101,0,0,0,0,0,0,0,0,0,0,0,0,0,0,0,0,0,0,0,0,0,0,0,0,0,0,0,0,0,0,1,1,1,1,1,0,0,0,0,0,0,0,0,0,0,0,0,0,0,0,0,0,0,0,0,0,0,0,0,0,0,0,0,0,0,0,0,0,0,0,0,0,0,0,0,0,0,0,0,0,0,0,0,0,0,0,0,0,0,0,0,0,0,0,0,0,0,0,0,0,0,0,0,0,0,0,0,0,0,0,0,0,0,0,0,0,0,0,0,0,0,0,0,0,0,0,0,0,0,0,0,0,0,0,0,1
NA1_4285296208,IRON III,b'HolyDeliverance',0,Jax,3,14,420,381,406,0,0,b'WNBA YoungBoyy',0,Diana,4,11,91,202,246,0,0,b'Questamoongo',5,Veigar,12,4,131,75,79,0,0,b'Z3qio',4,Twitch,4,3,80,65,72,0,0,b'JohnWaynesHat',4,Brand,14,4,62,30,42,0,0,0,1,1,0,0,0,0,0,0,0,0,0,0,0,0,0,0,0,0,0,0,0,0,0,0,0,0,0,0,0,0,0,0,0,0,1,0,0,0,0,0,1,1,0,0,0,0,0,0,0,0,0,0,0,0,0,0,0,0,0,0,0,0,0,0,0,0,0,0,0,0,0,0,0,0,0,0,0,0,0,0,0,0,0,0,0,0,0,0,0,0,0,0,0,0,0,0,0,0,0,0,0,0,0,0,0,0,0,0,0,0,0,0,0,0,0,0,0,0,0,0,0,0,0,0,0,0,0,0,0,0,0,0,b'Crazyknees',1,Garen,12,4,155,55,54,0,0,b'wqqpamka',3,Graves,11,4,78,117,153,0,0,b'Teamclubpub',1,Sylas,4,14,332,84,91,0,0,b'GetSmokedTurd',1,Draven,4,7,122,237,253,0,0,b'MrMcBeefy1',5,TahmKench,4,3,314,186,190,0,0,0,0,0,0,0,0,0,0,0,0,0,0,0,0,0,0,0,0,0,0,0,0,0,0,0,0,0,0,0,0,0,0,0,0,0,0,1,1,1,1,1,0,0,0,0,0,0,0,0,0,0,0,0,0,0,0,0,0,0,0,0,0,0,0,0,0,0,0,0,0,0,0,0,0,0,0,0,0,0,0,0,0,0,0,0,0,0,0,0,0,0,0,0,0,0,0,0,0,0,0,0,0,0,0,0,0,0,0,0,0,0,0,0,0,0,0,0,0,0,0,0,0,0,0,0,0,0,0,0,0,0,0,0,2
NA1_4262771046,IRON IV,b'GhstBldSharpie',3,Sett,4,14,67,109,129,0,0,b'NightS1lent',2,Amumu,11,4,67,62,50,0,0,b'Krookd2',4,Katarina,14,4,35,29,44,0,0,b'SheriffGiz69',4,Vayne,14,4,132,62,60,0,0,b'Mayormike',3,Shaco,12,4,317,114,145,0,0,0,0,0,0,0,0,1,0,0,0,0,0,0,0,0,0,0,0,0,0,0,0,0,0,0,0,0,0,0,0,0,0,0,0,0,0,0,0,0,0,0,0,0,0,0,0,0,1,1,1,1,0,0,0,0,0,0,0,0,0,0,0,0,0,0,0,0,0,0,0,0,0,0,0,0,0,0,0,0,0,0,0,0,0,0,0,0,0,0,0,0,0,0,0,0,0,0,0,0,0,0,0,0,0,0,0,0,0,0,0,0,0,0,0,0,0,0,0,0,0,0,0,0,0,0,0,0,0,0,0,0,0,0,b'Floydflamingo',4,Pantheon,4,14,145,113,120,0,0,b'Rose4you',4,Khazix,4,11,69,24,29,0,0,b'T1 Gamayusi',3,Vex,4,12,109,57,51,0,0,b'CountEa',0,Ashe,4,7,76,7,21,0,0,b'AsunderPotato',6,Pyke,14,4,136,120,111,0,0,0,0,0,0,0,0,0,0,0,0,0,0,0,0,0,0,0,1,0,0,0,0,0,0,0,0,0,0,0,0,0,0,0,0,0,0,0,0,0,0,0,0,0,1,1,1,1,0,0,0,0,0,0,0,0,0,0,0,0,0,0,0,0,0,0,0,0,0,0,0,0,0,0,0,0,0,0,0,0,0,0,0,0,0,0,0,0,0,0,0,0,0,0,0,0,0,0,0,0,0,0,0,0,0,0,0,0,0,0,0,0,0,0,0,0,0,0,0,0,0,0,0,0,0,0,0,0,0,0,0,0,0,0,1
NA1_4285613044,IRON IV,b'xXUNSANCTIONEDXx',3,Renekton,4,12,143,20,11,0,0,b'RoyalCheeks',1,Vi,4,11,76,28,52,0,0,b'BigMonLawson',3,Akali,14,4,88,14,20,0,0,b'shadow reaper1',1,Kaisa,7,4,183,234,236,0,0,b'MisterC1998',3,Morgana,4,3,89,41,40,0,0,0,0,0,0,0,0,0,0,0,0,0,1,0,0,0,0,0,0,0,0,0,0,0,0,0,0,0,0,0,0,0,0,0,0,1,0,0,0,0,0,0,0,0,0,0,0,0,0,0,0,0,1,1,1,0,0,0,0,0,0,0,0,0,0,0,0,0,0,0,0,0,0,0,0,0,0,0,0,0,0,0,0,0,0,0,0,0,0,0,0,0,0,0,0,0,0,0,0,0,0,0,0,0,0,0,0,0,0,0,0,0,0,0,0,0,0,0,0,0,0,0,0,0,0,0,0,0,0,0,0,0,0,0,b'SoloYoMamaOnly',4,Illaoi,4,12,336,54,67,0,0,b'The Gas Station',4,Nunu,11,4,85,67,102,0,0,b'Hade18',1,Yone,4,14,47,58,81,0,0,b'oso\xc3\x94',4,Jinx,6,4,36,25,42,0,0,b'LeeroiJankins',0,Braum,3,4,341,154,166,0,0,0,0,0,0,0,0,0,0,0,0,0,0,0,0,0,0,0,0,0,0,0,0,0,0,0,0,0,0,0,0,0,0,0,0,0,0,0,0,0,0,0,0,0,0,0,0,0,0,0,0,0,0,0,0,1,1,1,1,1,0,0,0,0,0,0,0,0,0,0,0,0,0,0,0,0,0,0,0,0,0,0,0,0,0,0,0,0,0,0,0,0,0,0,0,0,0,0,0,0,0,0,0,0,0,0,0,0,0,0,0,0,0,0,0,0,0,0,0,0,0,0,0,0,0,0,0,0,0,0,0,0,0,0,1
NA1_4285303877,IRON IV,b'STARFOXJM',4,Morgana,7,4,470,181,201,0,0,b'YouScratchedMyCD',2,Diana,11,4,329,13,27,0,0,b'oFaMouSo 69',2,Nasus,14,4,122,331,334,0,0,b'whoisViz',3,Volibear,4,7,36,13,33,0,0,b'Julianp651',4,Lux,6,3,139,54,65,0,0,0,0,1,0,0,0,0,0,0,0,0,0,0,0,0,0,0,0,0,0,0,0,0,0,0,0,0,0,0,0,0,0,1,1,0,0,0,0,0,0,0,0,0,0,0,0,0,0,0,0,0,0,0,1,0,0,0,0,0,1,0,0,0,0,0,0,0,0,0,0,0,0,0,0,0,0,0,0,0,0,0,0,0,0,0,0,0,0,0,0,0,0,0,0,0,0,0,0,0,0,0,0,0,0,0,0,0,0,0,0,0,0,0,0,0,0,0,0,0,0,0,0,0,0,0,0,0,0,0,0,0,0,0,b'GodOfDawn12',0,Aatrox,4,12,220,33,36,0,0,b'Lurk3rz',4,Evelynn,4,11,158,56,66,0,0,b'wawa hoggie 1',4,Kaisa,4,21,287,114,132,0,0,b'IxI Izzo IxI',4,Jinx,4,14,197,96,108,0,0,b'NorthernTitan',4,Janna,4,3,564,203,224,0,0,0,0,0,0,0,0,0,0,0,0,0,0,0,0,0,0,0,0,0,0,0,0,0,0,0,0,0,0,0,0,0,0,0,0,0,0,0,0,0,0,0,0,0,0,0,0,0,0,0,0,0,0,1,0,0,0,0,1,0,0,1,1,1,0,0,0,0,0,0,0,0,0,0,0,0,0,0,0,0,0,0,0,0,0,0,0,0,0,0,0,0,0,0,0,0,0,0,0,0,0,0,0,0,0,0,0,0,0,0,0,0,0,0,0,0,0,0,0,0,0,0,0,0,0,0,0,0,0,0,0,0,0,0,2
NA1_4284006073,BRONZE III,b'Shushaepe',5,Sett,14,4,81,270,276,0,0,b'T2Desolation ',8,Trundle,11,4,151,112,105,0,0,b'TSHE Greed',8,Leblanc,14,4,259,53,62,0,0,b'jfl888888',8,Tristana,7,4,370,173,170,0,0,b'YokohamaYama',9,Velkoz,4,14,78,176,169,0,0,0,0,0,0,0,0,1,0,0,0,0,0,0,0,0,0,0,0,0,0,1,0,1,0,0,0,0,0,0,0,0,0,0,0,0,0,0,0,0,0,0,0,0,0,0,0,0,0,0,0,0,0,0,0,0,0,0,0,0,0,0,0,0,0,0,1,1,0,0,0,0,0,0,0,0,0,0,0,0,0,0,0,0,0,0,0,0,0,0,0,0,0,0,0,0,0,0,0,0,0,0,0,0,0,0,0,0,0,0,0,0,0,0,0,0,0,0,0,0,0,0,0,0,0,0,0,0,0,0,0,0,0,0,b'kdizzleleplaya',8,Yasuo,4,14,62,104,105,0,0,b'zishishui',5,Amumu,11,4,306,29,21,0,0,b'J\xc5\x93l Embiid',8,Cassiopeia,21,4,256,127,123,0,0,b'ItsZestyBoi',7,Samira,7,4,215,150,131,0,0,b'JDpurple4',8,Leona,14,4,316,85,74,0,0,0,0,0,1,0,0,0,0,0,0,0,0,0,0,1,0,0,0,0,0,0,0,0,0,0,0,0,0,0,0,0,1,0,0,0,0,0,0,0,0,0,0,0,0,0,0,0,1,0,0,0,0,0,0,0,0,0,0,0,0,0,0,0,0,0,0,0,1,0,0,0,0,0,0,0,0,0,0,0,0,0,0,0,0,0,0,0,0,0,0,0,0,0,0,0,0,0,0,0,0,0,0,0,0,0,0,0,0,0,0,0,0,0,0,0,0,0,0,0,0,0,0,0,0,0,0,0,0,0,0,0,0,0,2
NA1_4275336394,SILVER II,b'McCrab',12,Gangplank,4,12,403,91,91,0,0,b'Cleedus',9,Lillia,4,11,251,66,47,0,0,b'ZzVortexx',10,Fizz,14,4,232,283,269,0,0,b'TheStarsAligned',8,Jinx,4,7,279,146,159,0,0,b'Sandstorm82',10,Morgana,14,4,189,80,72,0,0,0,0,0,0,0,0,0,0,0,0,0,0,1,0,0,0,0,0,0,0,0,0,0,1,0,0,0,0,0,0,0,0,0,0,0,0,0,0,0,0,0,0,0,0,0,0,0,0,0,0,0,0,0,1,0,0,0,1,0,0,0,0,0,0,0,0,0,0,0,0,0,0,0,1,0,0,0,0,0,0,0,0,0,0,0,0,0,0,0,0,0,0,0,0,0,0,0,0,0,0,0,0,0,0,0,0,0,0,0,0,0,0,0,0,0,0,0,0,0,0,0,0,0,0,0,0,0,0,0,0,0,0,0,b'Trigno Kon',10,Garen,4,12,246,109,110,0,0,b'Fusion Psychic',8,Evelynn,4,11,156,26,16,0,0,b'Antiquary',12,Yone,4,14,276,89,78,0,0,b'DerpMiester',12,MissFortune,7,4,126,27,22,0,0,b'jzmavericks4',8,Leona,4,14,149,64,63,0,0,0,0,0,0,0,0,0,0,1,0,0,0,0,0,1,0,0,0,0,0,0,0,0,0,0,0,0,0,0,0,0,0,0,0,0,0,1,0,0,0,0,0,0,0,0,0,0,0,0,0,0,0,0,0,0,0,1,0,0,0,0,1,0,0,0,0,0,0,0,0,0,0,0,0,0,0,0,0,0,0,0,0,0,0,0,0,0,0,0,0,0,0,0,0,0,0,0,0,0,0,0,0,0,0,0,0,0,0,0,0,0,0,0,0,0,0,0,0,0,0,0,0,0,0,0,0,0,0,0,0,0,0,0,1
NA1_4258518395,SILVER II,b'Qwarkeyy',11,Fiora,14,4,60,22,26,0,0,b'Smeefz',14,Vi,4,11,99,195,182,0,0,b'zsxuwzpb',12,Sylas,14,4,64,42,62,0,0,b'Samuroid',10,Vayne,7,4,182,10,12,0,0,b'CptCupCakez',11,Pyke,4,14,247,19,15,0,0,0,0,0,0,0,0,0,0,0,0,0,0,0,0,0,0,0,0,0,0,0,0,0,0,0,0,0,0,0,0,0,0,0,0,0,0,0,0,1,0,0,0,0,0,0,0,1,0,0,1,0,1,0,0,0,0,0,0,0,0,0,0,0,0,0,0,0,0,0,0,0,0,0,0,1,0,0,0,0,0,0,0,0,0,0,0,0,0,0,0,0,0,0,0,0,0,0,0,0,0,0,0,0,0,0,0,0,0,0,0,0,0,0,0,0,0,0,0,0,0,0,0,0,0,0,0,0,0,0,0,0,0,0,b'Dare 47',12,Sett,14,4,82,25,22,0,0,b'Guttie',13,Volibear,4,11,112,97,76,0,0,b'BorisBlyat',15,Ekko,4,12,580,111,108,0,0,b'Fioutinhirea',11,Ashe,4,7,36,26,21,0,0,b'DoubleDinks',12,Senna,4,3,113,52,53,0,0,0,0,0,0,0,1,1,0,0,0,0,0,0,0,0,1,0,1,0,0,0,0,0,0,0,0,0,0,0,0,0,0,0,1,0,0,0,0,0,0,0,0,0,0,0,0,0,0,0,0,0,0,0,0,0,0,0,0,0,0,0,0,0,0,0,0,0,0,0,0,0,0,0,0,0,0,0,0,0,0,0,0,0,0,0,0,0,0,0,0,0,0,0,0,0,0,0,0,0,0,0,0,0,0,0,0,0,0,0,0,0,0,0,0,0,0,0,0,0,0,0,0,0,0,0,0,0,0,0,0,0,0,0,2
NA1_4285933518,SILVER II,b'ZaidEmperor',10,Urgot,4,14,172,33,29,0,0,b'HoneyNutrageous',10,Vi,4,11,57,23,13,0,0,b'Mrs Pearl',12,Orianna,12,4,333,112,100,0,0,b'Tizull',12,Samira,7,4,294,160,156,0,0,b'TriEdge3',9,Renata,4,14,253,5,5,0,0,0,0,0,0,0,0,0,0,0,0,0,0,0,0,0,0,0,0,0,0,0,0,0,0,0,0,0,0,0,0,0,1,0,0,0,0,0,0,0,0,0,0,0,0,0,0,0,0,0,0,0,1,0,0,0,0,0,0,0,0,0,0,0,0,0,0,0,0,0,0,0,0,0,0,0,1,1,1,0,0,0,0,0,0,0,0,0,0,0,0,0,0,0,0,0,0,0,0,0,0,0,0,0,0,0,0,0,0,0,0,0,0,0,0,0,0,0,0,0,0,0,0,0,0,0,0,0,0,0,0,0,0,0,b'Doctor Spacer',11,Sion,12,4,43,9,8,0,0,b'Vetch',13,Mordekaiser,4,11,274,201,184,0,0,b'Thicc Squirtle',11,Garen,14,4,42,15,14,0,0,b'Davinci31',11,Lucian,7,4,368,65,53,0,0,b'Ms Toxic',12,Sona,4,14,408,258,261,0,0,0,0,0,0,0,0,0,0,0,0,0,0,0,0,0,0,0,0,0,0,0,0,0,0,0,0,0,0,0,0,0,0,0,0,0,0,1,0,0,0,0,0,0,0,0,0,0,0,0,0,0,0,0,0,0,0,0,0,0,0,0,0,0,0,0,0,0,0,0,0,0,1,0,0,0,0,0,0,1,1,1,0,0,0,0,0,0,0,0,0,0,0,0,0,0,0,0,0,0,0,0,0,0,0,0,0,0,0,0,0,0,0,0,0,0,0,0,0,0,0,0,0,0,0,0,0,0,0,0,0,0,0,0,2
NA1_4285568753,SILVER IV,b'friedchickenlul',8,Amumu,12,4,87,322,350,0,0,b'Rpstar',8,Shyvana,14,11,271,87,64,0,0,b'SirNutsAlot925',8,Akali,14,4,221,45,54,0,0,b'FearTheDots',7,Tristana,4,7,85,29,18,0,0,b'Kiora13',8,Lux,14,4,204,79,79,0,0,0,0,0,0,0,0,0,0,0,0,0,0,0,0,0,0,0,0,0,0,0,0,0,0,0,1,0,0,0,0,0,0,1,0,1,0,0,0,0,0,0,0,0,0,0,0,0,1,0,0,0,0,0,0,0,0,0,0,0,0,0,0,0,0,0,0,1,0,0,0,0,0,0,0,0,0,0,0,0,0,0,0,0,0,0,0,0,0,0,0,0,0,0,0,0,0,0,0,0,0,0,0,0,0,0,0,0,0,0,0,0,0,0,0,0,0,0,0,0,0,0,0,0,0,0,0,0,0,0,0,0,0,0,b'Logan FM',8,Nasus,6,4,88,91,89,0,0,b'Ta Thi Bua',8,Viego,11,4,52,59,53,0,0,b'SK4diddle',8,Viktor,4,12,158,87,83,0,0,b'SolidWater3',8,Xayah,4,12,83,114,109,0,0,b'Awetistick',8,Thresh,4,14,106,93,102,0,0,0,0,0,0,0,0,0,0,0,0,0,0,0,0,0,0,0,0,0,0,0,0,0,0,0,0,0,0,0,0,0,0,0,0,0,0,0,0,0,0,0,0,0,0,0,0,0,0,0,0,0,0,0,0,0,0,0,0,0,1,0,0,0,0,0,0,0,0,0,0,0,0,0,0,0,0,0,0,0,0,0,1,1,1,1,0,0,0,0,0,0,0,0,0,0,0,0,0,0,0,0,0,0,0,0,0,0,0,0,0,0,0,0,0,0,0,0,0,0,0,0,0,0,0,0,0,0,0,0,0,0,0,0,2
NA1_4242440159,GOLD I,b'Jaksta',12,Urgot,4,12,421,224,224,0,0,b'sparda1345',15,Shaco,11,14,165,88,67,0,0,b'Fire SOL',13,AurelionSol,6,14,393,133,124,0,0,b'Harukon',15,Sivir,3,4,66,24,18,0,0,b'Kuutliel',10,Nautilus,14,4,288,153,147,0,0,0,0,0,0,0,0,0,0,0,0,0,0,0,0,0,0,0,0,0,0,0,0,0,0,0,0,0,0,0,0,0,0,0,0,0,0,0,0,0,0,0,0,0,0,0,0,0,0,0,0,1,0,0,0,0,0,0,0,0,0,0,0,0,0,0,0,0,0,0,0,0,0,0,0,0,1,0,0,0,0,0,0,0,0,0,1,1,1,0,0,0,0,0,0,0,0,0,0,0,0,0,0,0,0,0,0,0,0,0,0,0,0,0,0,0,0,0,0,0,0,0,0,0,0,0,0,0,0,0,0,0,0,0,b'eMAg1NAry',12,Chogath,4,12,268,399,409,0,0,b'The Infam0u5',15,Lillia,11,4,68,125,125,0,0,b'Tygs',15,Yasuo,14,4,293,99,100,0,0,b'2Riptide2',13,Jhin,7,4,299,73,55,0,0,b'savageatknightt',13,Galio,14,4,61,14,24,0,0,0,0,0,1,0,0,0,0,0,1,0,0,0,0,0,0,0,0,0,0,0,0,0,0,0,0,0,0,0,0,0,0,0,0,0,0,0,0,0,0,0,0,0,0,0,0,0,0,0,0,0,0,0,0,0,0,0,0,0,0,0,0,0,0,0,0,0,0,0,0,0,0,0,1,0,0,0,0,0,0,0,0,0,0,0,0,0,0,1,1,0,0,0,0,0,0,0,0,0,0,0,0,0,0,0,0,0,0,0,0,0,0,0,0,0,0,0,0,0,0,0,0,0,0,0,0,0,0,0,0,0,0,0,1
NA1_4285680580,GOLD I,b'AkaBot',16,Kled,3,14,362,350,354,0,0,b'rushberry',15,Shyvana,14,11,43,84,75,0,0,b'Kazdad',16,Vladimir,4,6,298,284,270,0,0,b'RainingDaisies',15,Jhin,4,7,293,49,32,0,0,b'Mementoe',15,Teemo,4,14,526,54,35,0,0,0,0,0,0,0,0,0,0,0,1,0,0,0,0,0,0,0,0,0,0,0,0,0,0,0,1,0,0,0,0,0,0,0,0,0,0,0,0,0,0,0,0,0,0,0,0,0,0,0,0,0,0,0,0,0,0,0,0,0,0,0,0,0,0,0,0,0,0,0,0,0,0,0,0,0,0,0,0,0,0,0,0,0,0,0,0,0,0,0,0,0,0,1,1,1,0,0,0,0,0,0,0,0,0,0,0,0,0,0,0,0,0,0,0,0,0,0,0,0,0,0,0,0,0,0,0,0,0,0,0,0,0,0,b'AdwardAllan1',11,Yorick,4,12,45,62,55,0,0,b'SG Thisguy',15,Shaco,11,14,345,116,123,0,0,b'lsp QwQ',15,Kassadin,4,14,312,15,12,0,0,b'AlfredoPasta',12,Veigar,4,12,399,33,33,0,0,b'Oaka',16,Ziggs,4,7,596,215,210,0,0,0,0,0,0,0,0,0,0,0,0,0,0,0,0,0,0,0,0,0,1,0,0,0,0,0,0,0,0,0,0,0,0,0,0,0,0,0,0,0,0,0,1,0,0,0,0,0,0,0,0,1,0,0,0,0,0,0,0,0,0,0,0,0,0,0,0,0,0,0,0,0,0,0,0,0,0,0,0,0,0,0,0,0,0,0,0,0,0,0,0,1,1,0,0,0,0,0,0,0,0,0,0,0,0,0,0,0,0,0,0,0,0,0,0,0,0,0,0,0,0,0,0,0,0,0,0,0,0,0,0,0,0,0,1
NA1_4285595649,GOLD I,b'Neapz',11,Darius,6,4,373,33,35,0,0,b'Jman1269',12,Karthus,3,11,246,51,40,0,0,b'TopRamenFrenzy',14,Akali,14,4,465,65,61,0,0,b'Shyone39476',11,Ezreal,4,7,281,103,101,0,0,b'MythicalBuffalo',15,Blitzcrank,4,3,352,118,102,0,0,0,0,0,0,0,0,0,0,0,0,0,0,0,0,0,0,0,0,0,0,0,0,0,0,0,0,0,1,0,0,0,0,0,0,1,0,0,0,0,0,0,0,0,0,0,0,0,0,0,0,0,0,0,0,0,0,0,0,0,0,0,0,0,0,1,0,0,0,0,0,0,0,0,0,0,0,0,0,0,0,0,0,0,0,0,0,0,0,0,0,0,0,0,0,0,0,1,1,0,0,0,0,0,0,0,0,0,0,0,0,0,0,0,0,0,0,0,0,0,0,0,0,0,0,0,0,0,0,0,0,0,0,0,b'AdyTheDragon',15,Volibear,12,4,325,96,82,0,0,b'Menelduin',13,Twitch,11,4,109,83,75,0,0,b'DragonSlayer20k',9,Pyke,4,14,279,26,22,0,0,b'Rique',11,Neeko,4,14,217,151,142,0,0,b'Thats not meta',15,Lux,7,4,473,75,82,0,0,0,0,0,0,0,0,0,0,0,0,0,0,0,0,0,0,0,0,0,0,0,0,0,0,0,0,0,0,0,0,0,0,1,1,0,1,0,0,0,0,0,0,0,0,0,0,1,0,0,0,0,0,0,0,0,0,0,0,0,0,0,0,0,0,0,0,0,0,0,0,0,0,0,0,0,0,0,0,0,0,0,0,0,0,0,0,0,0,0,0,0,0,0,0,0,1,0,0,0,0,0,0,0,0,0,0,0,0,0,0,0,0,0,0,0,0,0,0,0,0,0,0,0,0,0,0,0,0,0,0,0,0,0,2
NA1_4285858183,GOLD II,b'Marcitos',8,Sion,12,4,488,7,4,0,0,b'xSh4d0W',15,Khazix,11,4,604,220,242,0,0,b'TIASLMP',13,Ahri,4,14,86,53,51,0,0,b'Excusez moii',11,Zeri,7,4,216,164,168,0,0,b'ooCRIMEoo',12,Lux,4,14,574,28,20,0,0,0,0,0,0,0,0,0,0,0,0,0,0,0,0,0,0,0,0,0,0,0,0,0,0,0,0,0,0,0,0,1,0,1,0,0,0,0,0,0,0,0,0,0,0,1,0,0,0,0,0,0,0,0,0,0,0,0,0,0,0,0,0,0,1,0,0,0,0,0,0,0,0,0,0,0,0,0,0,1,0,0,0,0,0,0,0,0,0,0,0,0,0,0,0,0,0,0,0,0,0,0,0,0,0,0,0,0,0,0,0,0,0,0,0,0,0,0,0,0,0,0,0,0,0,0,0,0,0,0,0,0,0,0,b'Dangarangarang',16,Gwen,6,12,278,27,21,0,0,b'DarkMaster247',12,Kayn,4,11,277,53,50,0,0,b'wulfpuppy',17,Yasuo,14,4,468,64,67,0,0,b'Literal McPick2',12,Draven,4,3,328,23,26,0,0,b'Ichigodayo',14,Sylas,14,4,477,78,80,0,0,0,0,0,1,0,0,0,0,0,0,0,0,0,0,0,0,0,0,0,0,0,0,0,0,0,0,0,0,0,0,0,0,0,0,0,0,0,0,1,1,0,0,0,0,0,0,0,0,0,0,0,0,0,0,0,0,0,0,0,0,0,0,0,0,0,0,0,0,0,0,0,0,0,0,0,0,0,0,0,0,0,0,0,0,0,0,0,0,0,0,0,0,0,0,0,0,0,0,1,1,0,0,0,0,0,0,0,0,0,0,0,0,0,0,0,0,0,0,0,0,0,0,0,0,0,0,0,0,0,0,0,0,0,2
NA1_4286108177,GOLD II,b'FuhrerMax13579',16,Darius,4,6,115,142,127,0,0,b'Kunta Kingdom',14,Diana,11,4,399,44,40,0,0,b'Integration',16,Qiyana,14,4,319,183,215,0,0,b'riven dif',13,Sivir,4,7,59,12,24,0,0,b'BothDadsLoveMe',15,Pyke,14,4,423,44,47,0,0,0,0,1,0,0,0,0,0,0,0,0,0,0,0,0,0,0,0,0,0,0,1,0,0,0,0,0,0,0,0,0,0,0,0,0,0,0,0,0,0,0,0,0,0,0,0,1,0,0,0,0,0,0,0,0,0,0,0,0,0,0,0,0,0,1,0,0,0,0,0,0,0,0,0,0,0,0,0,0,0,0,0,0,0,0,0,1,0,0,0,0,0,0,0,0,0,0,0,0,0,0,0,0,0,0,0,0,0,0,0,0,0,0,0,0,0,0,0,0,0,0,0,0,0,0,0,0,0,0,0,0,0,0,b'Giao 0u0 Giao',14,XinZhao,14,4,231,14,17,0,0,b'C0NCRETE JUNGLER',14,Nocturne,11,4,107,39,32,0,0,b'Mid4F\xc3\xbcn',15,Katarina,4,14,45,94,89,0,0,b'AltxD',15,MissFortune,4,7,453,173,135,0,0,b'Monsta Moo',14,Zyra,4,14,492,187,187,0,0,0,0,0,0,0,0,0,0,1,0,0,0,0,0,0,0,0,0,0,0,0,0,0,0,0,0,0,0,0,0,0,0,0,0,0,0,0,0,0,0,0,0,0,0,0,0,0,0,1,0,0,0,0,0,0,0,0,0,0,0,0,0,0,0,0,0,0,0,0,0,0,0,0,0,0,0,0,0,0,0,0,0,0,0,0,0,0,0,0,0,0,0,0,0,0,0,0,0,0,0,1,1,1,0,0,0,0,0,0,0,0,0,0,0,0,0,0,0,0,0,0,0,0,0,0,0,0,0,0,0,0,0,0,1
NA1_4285761110,GOLD II,b'UsingTheBush',14,Urgot,4,12,171,48,37,0,0,b'MuseDashLover',14,Rammus,4,11,366,56,38,0,0,b'Vrenetix',14,Akshan,4,14,286,43,52,0,0,b'70ice70sugar',13,Ezreal,7,4,288,56,56,0,0,b'LvnkeyKing',14,Brand,3,4,142,260,256,0,0,0,0,0,0,0,0,0,0,0,0,0,0,0,0,0,0,0,0,0,0,0,0,0,0,0,0,1,0,0,0,0,0,0,0,0,0,0,0,0,0,0,0,1,0,0,0,0,0,0,0,0,0,0,0,0,0,0,0,0,0,0,0,0,0,0,0,0,0,0,0,0,0,0,0,0,1,0,0,0,0,0,0,0,0,0,0,0,0,0,0,0,0,0,0,0,0,0,1,0,0,0,0,0,1,0,0,0,0,0,0,0,0,0,0,0,0,0,0,0,0,0,0,0,0,0,0,0,0,0,0,0,0,0,b'DaYeetGirl',15,Garen,4,14,169,356,343,0,0,b'Axiomocity',16,Diana,11,4,164,143,142,0,0,b'Knives For Legs',16,Camille,4,14,358,125,96,0,0,b'Manic Demise',13,Samira,4,7,614,313,314,0,0,b'Zeri Jerry',14,Xerath,3,4,174,123,121,0,0,0,0,1,0,0,0,0,0,0,0,0,0,0,0,0,0,0,0,0,0,0,0,0,0,0,0,0,0,0,0,0,1,0,0,0,0,1,0,0,0,0,0,0,0,0,0,0,0,0,0,0,0,0,0,0,0,0,0,0,0,0,0,0,0,0,0,0,0,0,0,0,0,0,0,0,0,0,0,0,0,0,0,0,0,0,0,0,0,0,0,0,0,0,0,0,0,0,0,0,0,0,0,0,0,1,1,0,0,0,0,0,0,0,0,0,0,0,0,0,0,0,0,0,0,0,0,0,0,0,0,0,0,0,2
NA1_4284129711,GOLD III,b'Mr HeartIess',13,Sion,4,12,267,56,52,0,0,b'JakeTheSnik2',14,Ornn,11,4,52,114,115,0,0,b'About72Ninjas',15,Brand,4,14,158,188,153,0,0,b'LoneW',15,Jinx,7,4,265,144,157,0,0,b'6F5 Rows for CSU',13,Lux,14,4,291,54,42,0,0,0,0,0,0,0,0,0,0,0,0,0,0,0,0,0,0,0,0,0,0,0,0,0,0,0,0,0,0,0,0,0,0,1,0,0,0,0,0,0,0,0,0,1,0,0,0,0,0,0,0,0,0,0,0,0,0,0,1,0,0,0,0,0,0,0,0,0,0,0,0,0,0,0,0,0,0,0,0,1,0,0,0,0,0,0,0,0,0,0,0,0,0,0,0,0,0,0,0,0,0,0,0,0,0,0,0,0,1,0,0,0,0,0,0,0,0,0,0,0,0,0,0,0,0,0,0,0,0,0,0,0,0,0,b'jeonyeobeen',13,Vayne,4,12,156,84,76,0,0,b'407 Banana',14,Lillia,11,4,88,211,195,0,0,b'Jpucc',12,Twitch,4,14,119,34,24,0,0,b'I Cant Do Damage',14,Ezreal,7,4,124,64,63,0,0,b'Nurse Nora',13,Yuumi,14,3,126,90,93,0,0,0,0,0,0,0,0,0,0,0,0,0,0,0,0,0,0,0,0,0,0,0,0,0,0,0,0,0,0,0,0,0,0,0,0,0,1,0,0,0,0,0,0,0,0,0,0,0,0,0,1,0,0,0,0,0,0,0,0,0,0,0,0,0,0,0,0,0,0,0,0,0,0,0,1,0,0,0,0,0,0,0,0,0,0,0,0,0,0,0,0,0,0,0,0,0,0,0,1,0,0,0,0,0,0,0,0,1,0,0,0,0,0,0,0,0,0,0,0,0,0,0,0,0,0,0,0,0,0,0,0,0,0,0,1
NA1_4275725077,GOLD III,b'SMinMaster',13,Malphite,4,12,332,277,276,0,0,b'Booty Snatcher',14,Skarner,4,11,137,87,103,0,0,b'Hey Kimchi See',15,Ahri,14,4,67,38,34,0,0,b'Limace',14,Jinx,4,7,239,82,76,0,0,b'Kittys Journey',13,Yuumi,3,14,59,23,34,0,0,0,0,0,0,0,0,0,0,0,0,0,0,0,0,0,0,0,0,0,0,0,0,0,0,0,0,0,0,0,0,1,0,0,0,0,0,0,0,0,0,0,0,0,0,0,0,0,0,0,0,0,0,0,0,0,0,0,1,0,0,0,0,0,0,0,0,0,0,0,0,1,0,0,0,0,0,0,0,0,0,0,0,0,0,0,0,0,0,0,0,0,0,0,0,0,0,0,0,0,0,0,0,0,0,0,0,1,0,1,0,0,0,0,0,0,0,0,0,0,0,0,0,0,0,0,0,0,0,0,0,0,0,0,b'ShadowMetaWolf',14,Warwick,21,4,621,87,91,0,0,b'zekkwin',12,Graves,11,4,312,362,360,0,0,b'300 RMB IN MT',13,MonkeyKing,14,4,105,85,77,0,0,b'William OAO',13,Kaisa,4,7,217,45,50,0,0,b'theres a lantern',13,Leona,4,3,193,125,101,0,0,0,0,0,0,0,0,0,1,0,0,0,0,0,0,1,0,0,0,0,0,0,0,0,0,1,0,0,0,0,0,0,0,0,0,0,0,0,1,0,0,0,0,0,0,0,0,0,0,0,0,0,0,1,0,0,0,0,0,0,0,0,0,0,0,0,0,0,0,0,0,0,0,0,0,0,0,0,0,0,0,0,0,0,0,0,0,0,0,0,0,0,0,0,0,0,0,0,0,0,0,0,0,0,0,0,0,0,0,0,0,0,0,0,0,0,0,0,0,0,0,0,0,0,0,0,0,0,0,0,0,0,0,0,1
NA1_4229231140,GOLD III,b'Merebenda',12,Yone,4,12,74,46,44,0,0,b'Lappie',11,Vi,11,4,117,59,45,0,0,b'SuperSweetBro',12,Annie,14,4,134,84,82,0,0,b'Ruileon',13,Senna,4,7,75,88,86,0,0,b'Jay Tone',12,Renata,14,4,191,35,34,0,0,0,0,0,0,0,1,0,0,0,0,0,0,0,0,0,0,0,0,0,0,0,0,0,0,0,0,0,0,0,0,0,0,0,0,0,0,0,0,0,0,0,0,0,0,0,0,0,0,0,0,0,1,0,0,0,0,1,0,0,0,0,0,0,0,0,0,0,0,0,0,0,0,0,0,0,0,0,1,0,0,0,0,0,0,0,0,0,0,0,0,0,0,0,0,0,0,0,0,0,0,0,0,0,0,0,0,0,0,0,1,0,0,0,0,0,0,0,0,0,0,0,0,0,0,0,0,0,0,0,0,0,0,0,b'CTWOFTHELEAF',12,Ornn,12,4,437,160,158,0,0,b'sdfdsfsa',12,Shyvana,14,11,264,82,97,0,0,b'IcePlex',13,Akshan,14,4,206,195,183,0,0,b'glizzygoober',12,Jhin,4,7,283,203,192,0,0,b'Aikra',13,Soraka,21,4,268,289,287,0,0,0,0,0,0,0,0,0,0,0,1,1,0,0,0,0,0,0,0,0,0,0,0,0,0,0,1,1,0,0,0,0,0,0,0,0,0,0,0,0,0,0,0,0,0,0,0,0,0,0,0,0,0,0,0,0,0,0,0,0,0,0,0,0,0,0,0,0,0,0,0,0,0,0,0,0,0,0,0,0,0,0,0,0,0,0,0,0,0,0,0,0,0,0,0,0,0,0,0,0,0,0,0,0,0,0,0,0,1,0,0,0,0,0,0,0,0,0,0,0,0,0,0,0,0,0,0,0,0,0,0,0,0,0,1
NA1_4285296543,GOLD IV,b'EvanBagW',12,Mordekaiser,4,6,114,130,130,0,0,b'L9 kudra',11,Graves,11,4,170,43,26,0,0,b'Afk farm lane',11,Yasuo,4,14,47,42,37,0,0,b'NoThingzBlitz',12,Volibear,4,14,217,96,85,0,0,b'ComsicGhostRider',12,TahmKench,7,4,261,203,204,0,0,0,0,0,1,0,0,0,0,0,0,0,0,0,0,0,0,0,0,0,0,0,0,0,0,0,0,0,0,0,0,0,0,0,1,0,0,0,1,0,0,1,0,0,0,0,0,0,0,0,0,0,0,0,0,0,0,0,0,0,0,0,0,0,0,0,0,0,0,0,0,0,0,0,0,0,0,0,0,0,1,0,0,0,0,0,0,0,0,0,0,0,0,0,0,0,0,0,0,0,0,0,0,0,0,0,0,0,0,0,0,0,0,0,0,0,0,0,0,0,0,0,0,0,0,0,0,0,0,0,0,0,0,0,b'Hide the Froth',12,Gangplank,12,4,351,21,26,0,0,b'SS Omicron',9,MonkeyKing,4,11,42,17,25,0,0,b'yndcdcco',11,Leblanc,4,14,63,43,41,0,0,b'Buzzay',12,Jhin,7,4,163,105,89,0,0,b'HipHopPillow',12,Senna,3,4,203,129,129,0,0,0,0,0,0,0,1,0,0,0,1,0,0,0,0,0,0,0,0,0,0,0,0,0,1,1,0,0,0,0,0,0,0,0,0,0,0,0,0,0,0,0,0,0,0,0,0,0,0,0,0,0,0,0,0,0,0,0,0,0,0,0,0,0,0,0,1,0,0,0,0,0,0,0,0,0,0,0,0,0,0,0,0,0,0,0,0,0,0,0,0,0,0,0,0,0,0,0,0,0,0,0,0,0,0,0,0,0,0,0,0,0,0,0,0,0,0,0,0,0,0,0,0,0,0,0,0,0,0,0,0,0,0,0,1
NA1_4285756601,GOLD IV,b'Sphinx Ra',11,Urgot,12,4,336,9,7,0,0,b'\xc5\xa0HABBA',9,Volibear,11,4,527,19,19,0,0,b'bobisawsome7',12,Corki,4,12,271,316,304,0,0,b'LEE77',10,Ezreal,4,7,258,14,9,0,0,b'ZJ229',12,Blitzcrank,4,14,274,56,59,0,0,0,0,0,0,0,0,0,0,0,0,0,0,0,0,0,0,0,0,0,0,0,0,0,0,0,0,0,1,0,0,0,0,0,1,0,0,0,0,0,0,0,0,0,0,0,0,0,0,0,0,0,0,0,0,0,0,0,0,0,0,0,0,0,0,0,0,0,0,0,0,0,0,0,0,0,1,0,0,0,0,0,0,0,0,0,0,0,0,0,0,0,0,0,0,0,0,0,1,0,0,0,0,0,0,0,0,0,0,0,0,1,0,0,0,0,0,0,0,0,0,0,0,0,0,0,0,0,0,0,0,0,0,0,b'EnderSampson2',10,Karma,4,12,33,20,19,0,0,b'BallerJ14',12,Khazix,11,4,121,55,30,0,0,b'B360',11,Syndra,4,14,450,21,20,0,0,b'Chabelinsky',10,Tristana,4,7,46,9,6,0,0,b'Strategyst0',12,Galio,14,4,195,43,50,0,0,0,0,0,0,0,0,0,0,0,0,0,0,0,0,0,0,0,0,0,0,0,0,0,0,0,0,0,0,0,0,0,0,0,0,0,0,0,0,0,0,0,0,0,0,1,0,0,0,0,0,0,0,0,0,0,0,0,0,0,0,0,0,0,0,0,0,1,0,0,0,0,0,0,0,0,0,0,0,0,0,0,0,0,0,0,0,0,0,0,1,0,0,0,0,0,0,0,0,0,0,0,0,0,0,0,0,0,0,0,0,0,1,1,0,0,0,0,0,0,0,0,0,0,0,0,0,0,0,0,0,0,0,0,1
NA1_4285584786,PLATINUM I,b'Rchor',19,Darius,14,4,78,189,171,0,0,b'Im Brite',19,Karthus,4,11,440,225,229,0,0,b'Jaeluvxs',20,Zed,4,14,430,255,250,0,0,b'SatomisFanboy',19,Varus,3,4,263,208,213,0,0,b'squad922',19,Pantheon,14,4,294,103,87,0,0,0,0,0,0,0,0,0,0,0,0,0,0,0,0,0,0,1,0,0,0,0,0,0,0,0,0,0,0,0,0,0,0,0,0,0,0,0,0,0,0,0,0,0,1,0,0,0,0,0,0,0,0,0,0,0,0,0,0,0,0,0,0,0,0,1,0,0,0,0,0,0,0,0,0,0,0,0,0,0,0,0,0,0,0,0,0,0,0,0,0,0,0,0,0,0,0,1,0,0,0,0,0,0,0,0,0,0,0,0,0,0,0,0,1,0,0,0,0,0,0,0,0,0,0,0,0,0,0,0,0,0,0,0,b'Dusik Kim',19,Aatrox,12,4,364,26,28,0,0,b'SHAC0PIUM',20,Shaco,14,11,589,366,363,0,0,b'iChobin',19,Akali,4,14,526,302,277,0,0,b'legochicken',18,Lucian,4,7,490,88,93,0,0,b'ArdentEscutcheon',19,Janna,4,7,246,109,115,0,0,0,0,0,0,0,0,0,0,0,0,0,0,0,0,0,0,0,0,0,0,0,0,0,0,0,0,0,0,0,0,0,0,0,0,1,0,0,0,0,0,0,0,0,0,0,0,0,0,0,0,1,0,0,0,0,0,0,0,0,0,1,0,1,0,0,0,0,0,0,0,0,1,0,0,0,0,0,0,0,0,0,0,0,0,0,0,0,0,0,0,0,0,0,0,0,0,0,0,0,0,0,0,0,0,0,0,0,0,0,0,0,0,0,0,0,0,0,0,0,0,0,0,0,0,0,0,0,0,0,0,0,0,0,1
NA1_4263356620,PLATINUM I,b'The Mental Diff',19,Garen,14,4,103,29,23,0,0,b'Lokenox',19,Kayn,11,4,117,114,96,0,0,b'GetFaded',21,Yone,14,4,333,269,266,0,0,b'CR OoO',23,Xayah,4,3,510,206,216,0,0,b'Bumkey',19,Blitzcrank,14,4,487,269,265,0,0,0,0,0,0,0,0,0,0,0,0,0,0,0,0,0,0,0,0,0,0,0,0,0,0,0,0,0,1,0,0,0,0,0,0,0,0,1,0,0,0,0,0,0,0,0,0,0,0,0,0,0,0,0,0,0,0,1,0,0,0,0,0,0,0,0,0,0,0,0,0,0,0,0,0,0,0,0,0,0,0,0,0,0,1,0,0,0,0,0,0,0,0,0,0,0,0,0,0,0,1,0,0,0,0,0,0,0,0,0,0,0,0,0,0,0,0,0,0,0,0,0,0,0,0,0,0,0,0,0,0,0,0,0,b'aqvmyz',20,Jax,4,12,38,66,51,0,0,b'PunaniBoi',23,Volibear,11,4,458,268,237,0,0,b'THE BOOOYYY',23,Ahri,4,14,43,245,211,0,0,b'Bandzz',22,Aphelios,7,4,498,140,145,0,0,b'YamiDesuuu',22,Soraka,4,3,266,186,181,0,0,0,1,0,0,1,0,0,0,0,0,1,0,0,0,0,0,0,0,0,0,0,0,0,0,0,0,0,0,0,0,1,0,0,1,0,0,0,0,0,0,0,0,0,0,0,0,0,0,0,0,0,0,0,0,0,0,0,0,0,0,0,0,0,0,0,0,0,0,0,0,0,0,0,0,0,0,0,0,0,0,0,0,0,0,0,0,0,0,0,0,0,0,0,0,0,0,0,0,0,0,0,0,0,0,0,0,0,0,0,0,0,0,0,0,0,0,0,0,0,0,0,0,0,0,0,0,0,0,0,0,0,0,0,2
NA1_4281496574,PLATINUM III,b'Saucy Sriracha',17,Ornn,12,4,260,85,67,0,0,b'XFW LRY',16,Sejuani,11,4,391,100,109,0,0,b'CuteSupportGurl',16,Jhin,7,4,94,216,209,0,0,b'Berracinarsc',16,Ziggs,4,12,40,63,57,0,0,b'Balloonfoot',17,Pyke,4,14,342,143,137,0,0,0,0,0,0,0,0,0,0,0,1,0,0,0,0,0,0,0,0,0,0,0,0,0,0,0,0,0,0,0,0,0,0,0,0,0,0,0,0,0,0,0,0,0,0,0,0,1,0,0,0,0,0,0,0,0,0,0,0,0,0,0,0,0,0,0,0,0,0,0,0,0,0,0,0,0,0,0,0,0,0,0,0,0,0,0,0,0,0,0,0,0,1,0,0,0,0,0,0,0,0,0,0,0,0,0,0,0,1,0,0,0,0,0,0,0,0,0,1,0,0,0,0,0,0,0,0,0,0,0,0,0,0,0,b'Mar4tio',17,Tryndamere,4,14,61,47,42,0,0,b'LiamNeesonsDrift',17,Karthus,11,4,113,120,131,0,0,b'Urbiblav',16,Zed,14,4,40,63,53,0,0,b'My Daddy Eman',16,Caitlyn,4,7,304,482,486,0,0,b'ur man says hi',17,Sona,4,3,522,469,458,0,0,0,0,0,0,0,0,0,0,0,0,0,0,0,1,0,0,1,0,0,0,0,0,0,0,0,0,0,0,0,0,0,0,0,0,0,0,0,0,0,0,0,0,0,0,0,0,0,0,0,0,0,0,0,0,0,0,0,0,0,0,0,0,0,0,0,0,0,0,0,0,0,0,0,0,0,0,0,0,0,0,1,0,0,0,0,0,0,0,0,0,0,0,0,0,0,0,1,0,0,0,0,0,0,0,0,0,0,0,0,0,0,0,0,0,0,0,0,0,1,0,0,0,0,0,0,0,0,0,0,0,0,0,0,1
NA1_4283927340,DIAMOND II,b'lzfhenry',22,MonkeyKing,4,14,444,507,502,0,0,b'G\xc3\xa0o',21,Khazix,4,11,144,165,178,0,0,b'StabNoob',22,Zed,14,4,89,102,79,0,0,b'I am a bad adc',21,Samira,3,4,440,75,64,0,0,b'aeT ahC',22,Nami,14,4,408,94,90,0,0,0,0,0,0,0,0,0,0,0,0,0,0,0,0,0,0,1,0,0,0,0,0,0,0,1,0,0,0,0,0,0,1,0,0,0,0,0,0,0,0,0,0,0,0,1,0,0,0,0,0,0,0,0,0,0,0,0,0,0,0,0,0,0,0,0,0,0,0,0,0,0,0,0,0,0,0,0,0,0,0,0,0,0,0,0,0,0,0,0,0,0,0,0,0,0,0,0,0,0,0,0,0,0,0,0,0,0,0,0,0,0,0,0,0,0,0,0,0,0,0,0,1,0,0,0,0,0,0,0,0,0,0,0,b'Corpse Kid',23,Teemo,4,14,430,180,162,0,0,b'YokiMa',22,Kayn,4,11,241,501,489,0,0,b'LordKalabhairava',22,Sylas,14,4,237,234,243,0,0,b'Roddy',23,Lucian,3,4,762,441,417,0,0,b'tr\xc3\xadnh',23,Nautilus,4,14,244,108,86,0,0,0,0,0,0,0,0,0,0,0,0,0,0,0,0,0,0,0,0,0,0,0,0,0,0,0,0,0,0,0,0,0,0,0,0,0,0,0,0,1,0,0,0,0,0,0,0,0,0,0,0,0,0,0,0,0,0,0,0,0,0,0,0,0,0,0,0,0,0,0,0,0,1,0,0,0,0,0,0,0,0,0,0,0,0,0,0,0,1,0,0,0,0,0,0,1,0,0,0,0,1,0,0,0,0,0,0,0,0,0,0,0,0,0,0,0,0,0,0,0,0,0,0,0,0,0,0,0,0,0,0,0,0,0,2
NA1_4286161365,DIAMOND II,b'shadowbeaster',22,Tryndamere,4,6,407,119,114,0,0,b'The Pissrat',21,RekSai,11,4,103,168,180,0,0,b'Myst\xc4\xb1fy',22,Taliyah,4,14,291,89,102,0,0,b'Pixel',22,Jinx,7,4,620,179,173,0,0,b'eStarAstral',22,Lulu,4,3,471,304,295,0,0,0,0,0,0,0,0,0,0,0,0,0,0,0,0,0,0,0,0,0,0,0,0,0,0,0,0,0,0,0,0,0,0,0,0,0,0,0,0,0,0,0,0,0,0,0,0,0,0,0,0,0,0,0,0,0,0,0,1,0,0,0,0,0,0,0,0,0,0,0,0,0,0,1,0,0,0,0,0,0,0,0,0,0,0,0,0,0,0,0,0,0,0,0,0,0,0,0,0,0,0,0,0,0,0,0,0,0,0,0,0,0,0,0,0,0,0,0,0,1,1,0,0,1,0,0,0,0,0,0,0,0,0,0,b'Ardenweal',21,Malphite,14,4,93,210,200,0,0,b'Tony R3dGrave',22,Graves,4,11,660,130,97,0,0,b'SparkyChak',21,Vladimir,4,14,70,173,145,0,0,b'ManateeWaffles',22,Karthus,7,3,292,305,266,0,0,b'feral gaymer',21,Senna,21,4,552,51,43,0,0,0,0,0,0,0,1,0,0,0,0,0,0,0,0,0,0,0,0,0,0,0,0,0,0,0,0,0,0,0,0,0,0,0,0,0,0,0,1,0,0,0,0,0,0,0,0,0,0,0,0,0,0,0,0,0,0,0,0,0,0,0,0,0,0,0,0,0,0,0,0,1,0,0,0,0,0,0,0,0,0,0,0,0,0,0,0,0,0,0,0,0,0,0,1,0,0,1,0,0,0,0,0,0,0,0,0,0,0,0,0,0,0,0,0,0,0,0,0,0,0,0,0,0,0,0,0,0,0,0,0,0,0,0,1
NA1_4286078533,DIAMOND III,b'rRoastMe',21,Viego,4,12,222,67,60,0,0,b'EkkoWWolrd1',19,Ekko,11,4,41,74,57,0,0,b'zendeptrai98',21,Yone,14,4,400,627,630,0,0,b'Vobowooz',20,Ezreal,4,7,415,182,190,0,0,b'nJuJdSam',19,Twitch,4,14,78,21,28,0,0,0,0,0,0,0,0,0,0,0,0,0,0,0,0,0,1,0,0,0,0,0,0,0,0,0,0,0,0,0,0,0,0,0,0,0,1,0,0,0,0,0,0,0,0,0,0,0,0,0,0,0,0,0,0,0,0,1,0,0,0,0,0,0,0,0,0,0,0,0,0,0,0,0,0,0,0,0,0,0,0,0,1,0,0,0,0,0,0,0,0,0,0,0,0,0,0,0,1,0,0,0,0,0,0,0,0,0,0,0,0,0,0,0,0,0,0,0,0,0,0,0,0,0,0,0,0,0,0,0,0,0,0,0,b'Kayn Dog',19,Aatrox,14,4,298,51,24,0,0,b'Fr0mTheSwamp',19,Zed,11,4,199,27,20,0,0,b'Sangoku Nadeko',19,Zoe,14,4,200,109,95,0,0,b'P\xc3\xa1\xc5\x84da',21,MissFortune,7,4,452,327,315,0,0,b'CheesusCrust15',19,Nautilus,14,4,390,40,43,0,0,0,0,0,0,0,0,0,0,1,0,0,0,0,0,0,0,1,0,0,0,0,0,0,0,0,0,0,0,0,0,0,0,0,0,0,0,0,0,0,0,0,0,0,0,0,0,0,0,0,0,0,0,0,0,0,0,0,0,0,0,1,0,0,0,0,0,0,0,0,1,0,0,0,0,0,0,0,0,0,0,0,0,0,0,0,0,0,1,0,0,0,0,0,0,0,0,0,0,0,0,0,0,0,0,0,0,0,0,0,0,0,0,0,0,0,0,0,0,0,0,0,0,0,0,0,0,0,0,0,0,0,0,0,2
NA1_4285912020,DIAMOND III,b'RawwR',19,Yone,4,14,217,15,29,0,0,b'Oanamie twtv',23,Kayn,11,4,71,204,204,0,0,b'Wnsontan',20,Galio,14,4,68,245,247,0,0,b'adlk525',22,Ashe,4,7,422,93,104,0,0,b'Iloveyouuuuuuuu',21,Renata,4,14,441,245,220,0,0,0,0,0,0,0,0,0,0,0,0,0,0,0,0,0,0,0,1,0,0,0,0,0,0,0,0,0,0,0,0,0,0,0,0,0,0,0,0,0,0,0,0,0,0,0,0,0,0,0,0,0,0,0,0,0,0,1,0,0,0,0,0,0,0,0,0,0,0,0,0,0,0,0,0,0,0,0,1,0,0,0,0,0,0,0,0,0,0,0,1,0,0,0,0,0,0,0,0,0,1,0,0,0,0,0,0,0,0,0,0,0,0,0,0,0,0,0,0,0,0,0,0,0,0,0,0,0,0,0,0,0,0,0,b'The25thPuck',21,Fiora,4,14,84,107,86,0,0,b'Lin Yoga',23,Nidalee,11,4,288,70,68,0,0,b'bombtruck457',21,Qiyana,4,14,326,83,79,0,0,b'Punk Edwin v2 ',22,Twitch,1,4,359,103,103,0,0,b'Baby Girl QwQ',21,Yuumi,14,3,224,218,231,0,0,0,0,0,0,0,0,0,0,0,0,0,0,0,0,0,0,0,0,0,0,0,1,0,0,0,0,0,0,0,0,0,0,0,0,0,1,0,0,0,0,0,0,0,0,0,0,0,0,0,0,0,0,0,0,0,0,0,0,0,0,0,0,0,0,0,0,0,0,0,0,0,0,0,0,1,0,0,0,0,0,0,0,0,0,0,0,0,0,0,0,0,0,0,0,0,0,0,0,0,0,0,0,0,0,0,0,1,0,0,0,0,0,0,0,0,0,0,0,0,0,0,0,0,1,0,0,0,0,0,0,0,0,0,2
NA1_4285583542,DIAMOND III,b'HoneyBeeCry',21,Pantheon,14,4,164,79,65,0,0,b'New Law',22,LeeSin,4,11,595,283,275,0,0,b'Allmutedzzz',20,Irelia,4,14,83,27,17,0,0,b'I Carry U Sleep',20,Kaisa,3,4,119,15,29,0,0,b'Lustb\xc3\xb6y',21,Alistar,14,4,64,90,91,0,0,0,0,0,0,0,0,0,0,0,0,0,0,0,0,0,0,0,0,0,0,0,0,0,0,0,0,0,0,1,0,0,0,0,0,0,0,0,0,0,0,0,0,0,1,0,0,0,0,0,0,0,0,1,0,0,0,0,0,0,0,0,0,0,0,0,0,0,0,0,0,0,0,0,0,0,0,0,0,0,0,0,0,0,0,0,0,0,0,0,0,0,0,0,0,0,0,0,0,0,0,0,0,0,0,0,0,0,0,0,0,0,0,0,0,0,0,0,0,0,0,0,0,0,0,1,1,0,0,0,0,0,0,0,b'Q1WQ2EQ3',20,Yasuo,4,12,59,30,23,0,0,b'Xi\xc3\xa8 \xc3\x9fro',22,Nocturne,4,11,635,248,229,0,0,b'Epona',22,Leblanc,14,4,451,181,160,0,0,b'VinnyDaGod',20,Jinx,7,4,432,24,15,0,0,b'EAU P\xc3\x89TILLANTE',21,Senna,3,4,54,69,63,0,0,0,0,0,1,0,1,0,0,0,0,0,0,0,0,0,0,0,0,0,0,0,0,0,0,0,0,0,0,0,0,0,0,0,0,0,0,0,0,0,0,0,0,0,0,0,0,0,0,0,0,0,0,0,0,0,0,0,1,0,0,0,0,0,0,0,1,0,0,0,0,0,0,0,0,0,0,0,0,0,0,0,0,0,0,0,0,0,0,0,0,0,0,0,0,0,0,0,0,0,0,0,1,0,0,0,0,0,0,0,0,0,0,0,0,0,0,0,0,0,0,0,0,0,0,0,0,0,0,0,0,0,0,0,2
NA1_4285872050,DIAMOND IV,b'Blood on hands',21,Aatrox,4,14,499,58,62,0,0,b'Anti Naoyixue',20,Khazix,11,4,789,157,159,0,0,b'Nelson Sawyer',22,Ahri,14,4,541,107,124,0,0,b'Myran',21,Draven,4,3,50,84,57,0,0,b'swimmy1318',20,Lulu,4,7,143,261,248,0,0,0,0,0,0,0,0,0,0,0,0,0,0,0,0,0,0,0,0,0,0,0,0,0,0,0,0,0,0,0,0,1,0,0,0,0,0,0,0,0,1,0,0,0,0,1,0,0,0,0,0,0,0,0,0,0,0,0,0,0,0,1,0,0,0,0,0,0,0,0,0,0,0,1,0,0,0,0,0,0,0,0,0,0,0,0,0,0,0,0,0,0,0,0,0,0,0,0,0,0,0,0,0,0,0,0,0,0,0,0,0,0,0,0,0,0,0,0,0,0,0,0,0,0,0,0,0,0,0,0,0,0,0,0,b'Miami Top Laner',21,MonkeyKing,14,4,609,99,121,0,0,b'BreezeTuxedo',22,Karthus,3,11,66,253,213,0,0,b'ONEMCCHICKENPLZ',20,Qiyana,14,4,419,168,167,0,0,b'run2you',21,Jhin,4,3,255,201,193,0,0,b'HotSmores12',22,Thresh,4,14,263,200,184,0,0,0,0,0,0,0,0,0,0,0,1,0,0,0,0,0,0,0,0,0,0,0,1,0,0,1,0,0,0,0,0,0,0,0,0,0,0,0,0,0,0,0,0,0,0,0,0,0,0,0,0,0,0,0,0,0,0,0,0,0,0,0,0,0,0,0,0,0,0,0,0,0,0,0,0,0,0,0,0,0,0,0,0,0,0,1,0,0,0,0,0,0,0,0,0,0,0,1,0,0,0,0,0,0,0,0,0,0,0,0,0,0,0,0,0,0,0,0,0,0,0,0,0,0,0,0,0,0,0,0,0,0,0,0,1
NA1_4286075127,MASTER,b'12 hours a day',24,Fiora,12,4,115,66,57,0,0,b'Wic',24,Sejuani,11,4,380,125,96,0,0,b'twtv Dziarmaga',24,Qiyana,4,14,371,265,241,0,0,b'kxbe',24,Caitlyn,4,7,60,194,167,0,0,b'Melyn',24,Zyra,4,14,245,71,59,0,0,0,0,0,0,0,0,0,0,0,0,0,0,0,1,0,0,0,0,0,0,0,1,0,0,0,0,0,0,0,0,0,0,0,0,0,0,0,0,0,0,0,0,0,0,0,0,0,0,0,0,0,0,0,0,0,0,0,0,0,0,0,0,0,0,0,0,0,0,0,0,0,0,0,0,1,0,0,0,0,0,0,0,0,0,0,0,0,0,0,0,0,0,0,0,0,0,0,0,0,0,0,0,1,0,0,0,0,0,0,0,0,0,0,0,0,0,0,1,0,0,0,0,0,0,0,0,0,0,0,0,0,0,0,b'1WeaksideWarrior',24,Shen,4,12,585,438,407,0,0,b'ShleepyHead',24,Rengar,4,11,736,416,407,0,0,b'\xc3\x98rca',24,Orianna,4,21,198,162,141,0,0,b'ohn kai lil ruu',24,Swain,4,7,649,304,280,0,0,b'Iced Venti',24,Morgana,4,14,618,161,164,0,0,0,0,0,0,0,0,0,0,0,0,0,0,0,0,0,0,0,0,0,0,0,0,0,0,0,0,0,0,0,0,0,0,0,0,0,0,0,0,0,0,0,0,0,0,0,0,0,0,0,0,0,0,0,1,0,0,0,0,0,0,0,0,0,0,0,0,0,0,0,0,0,0,0,0,0,0,1,0,0,0,0,0,0,0,0,0,0,0,0,0,0,0,0,0,0,0,0,0,0,0,0,0,0,0,0,0,0,0,0,0,0,0,0,0,0,1,0,0,0,0,0,0,0,0,0,0,1,1,0,0,0,0,0,1
NA1_4285570358,GRANDMASTER,b'Pierre Gasly',25,Gangplank,12,4,133,264,232,0,0,b'Ban Trynd ty',24,Diana,4,11,86,17,4,0,0,b'MajesticMastodon',25,Qiyana,14,4,236,121,104,0,0,b'Thresh',23,Aphelios,3,4,224,32,9,0,0,b'VULCAN10',24,Thresh,4,14,228,53,30,0,0,0,0,1,0,1,0,0,0,0,0,0,0,0,0,0,0,0,0,0,0,0,1,0,1,0,0,0,0,0,0,0,0,0,0,0,0,0,0,0,0,0,0,0,0,0,0,0,0,0,0,0,0,0,0,0,0,0,0,0,0,0,0,0,0,0,0,0,0,0,0,0,0,0,0,0,0,0,0,0,0,0,0,0,0,1,0,0,0,0,0,0,0,0,0,0,0,0,0,0,0,0,0,0,0,0,0,0,0,0,0,0,0,0,0,0,0,0,0,0,0,0,0,0,0,0,0,0,0,0,0,0,0,0,b'nathan we miss u',26,Poppy,4,12,484,269,241,0,0,b'Delllarth',26,Graves,11,4,77,235,185,0,0,b'XAXAXAXAXAX',24,Orianna,4,3,404,38,26,0,0,b'sk\xc3\xa9tch',26,Tristana,3,4,50,64,48,0,0,b'Armored Mawdad',26,Alistar,4,14,255,350,313,0,0,0,0,0,0,0,0,0,0,0,0,0,0,0,0,0,0,0,0,0,0,0,0,0,0,0,0,0,0,0,0,0,0,0,0,0,0,0,1,0,0,0,0,0,0,0,0,0,0,0,0,0,0,0,0,0,0,0,0,0,0,0,0,0,0,0,0,1,0,0,0,0,0,0,0,0,0,1,0,0,0,0,0,0,0,0,0,0,0,0,0,0,0,0,0,0,0,0,0,0,0,0,0,0,0,0,0,0,0,0,0,0,0,0,0,0,0,0,0,0,0,0,0,0,0,0,1,0,0,1,0,0,0,0,2
NA1_4285671164,GRANDMASTER,b'Sanchovies',25,Camille,12,4,495,148,130,0,0,b'jiudaozheIiba',24,Elise,4,11,99,66,45,0,0,b'Kral Closer',26,Ahri,4,12,232,165,118,0,0,b'ADCADC123',25,Jinx,4,7,312,137,112,0,0,b'bizzy banks',25,Rell,4,14,110,92,66,0,0,0,0,0,0,0,0,0,0,0,0,0,0,0,0,0,0,0,0,1,0,0,0,0,0,0,0,0,0,0,0,1,0,0,0,0,0,0,0,0,0,0,0,0,0,0,0,0,0,0,0,0,0,0,0,0,0,0,1,0,0,0,0,0,0,0,0,0,0,0,0,0,0,0,0,0,0,0,0,0,0,0,0,0,0,0,0,0,0,0,0,0,0,0,0,0,0,0,0,0,0,0,0,0,0,1,0,0,0,0,0,0,0,0,0,0,0,0,0,0,0,0,0,0,0,0,0,0,0,0,1,0,0,0,b'WX Ltyitimo',26,Kennen,12,4,533,149,109,0,0,b'Fight me homie',26,Graves,11,4,266,226,202,0,0,b'thechoosenone',24,Leblanc,4,14,51,83,63,0,0,b'Good Boi',26,Ezreal,4,1,592,158,145,0,0,b'Throw',26,Yuumi,14,3,152,90,84,0,0,0,0,0,0,0,0,0,0,0,0,0,0,0,0,0,0,0,0,0,0,0,0,0,0,0,0,0,0,0,0,0,0,0,0,0,0,0,1,0,0,0,0,0,0,0,0,0,0,0,0,0,0,0,0,0,0,0,0,0,0,0,0,0,0,0,1,0,0,0,0,0,0,0,0,0,0,0,0,0,0,0,0,0,0,0,0,0,0,0,0,0,0,0,0,0,0,0,1,0,0,0,0,0,0,0,0,1,0,0,0,0,0,0,0,0,0,0,0,0,0,0,0,0,0,0,0,0,0,0,0,1,0,0,1
